Episode,Average Reward,Average Speed (m/s),Queue Length,Congestion Rate
2,68994.46698712395,5.660487151400219,0,0.0
3,68994.46698712395,5.660487151400219,0,0.0
1,66543.48790821244,6.342109359624573,0,0.0
